scaffold	start	end	ref	alt
NW_020716611.1	3167349	3167349	A	C
NW_020716611.1	3167354	3167354	C	A
NW_020716611.1	4070968	4070968	A	G
NW_020716611.1	9908184	9908184	G	A
NW_020716611.1	17155371	17155371	A	T
NW_020716611.1	19719291	19719291	C	T
NW_020716611.1	19721136	19721136	A	G
NW_020716611.1	20642018	20642018	C	T
NW_020716611.1	20782367	20782367	T	A
NW_020716611.1	20782599	20782599	T	C
NW_020716611.1	20795085	20795085	C	T
NW_020716611.1	23884922	23884922	C	T
NW_020716611.1	23885195	23885195	A	C
NW_020716611.1	23899170	23899170	T	C
NW_020716611.1	23899170	23899170	T	C
NW_020716611.1	24601705	24601705	C	G
NW_020716611.1	25330625	25330625	A	C
NW_020716611.1	25330684	25330684	G	A
NW_020716611.1	25558347	25558347	C	T
NW_020716611.1	25559752	25559752	A	G
NW_020716611.1	25560043	25560043	G	C
NW_020716611.1	25560220	25560220	A	C
NW_020716611.1	25561970	25561970	G	A
NW_020716611.1	25562014	25562014	A	G
NW_020716611.1	25563358	25563358	G	A
NW_020716611.1	25570566	25570566	C	G
NW_020716611.1	25573095	25573095	T	G
NW_020716611.1	25579512	25579512	T	C
NW_020716611.1	25579521	25579521	G	T
NW_020716611.1	25579545	25579545	C	T
NW_020716611.1	25629729	25629729	C	G
NW_020716611.1	26004330	26004330	C	T
NW_020716611.1	28813197	28813197	G	A
NW_020716611.1	30032081	30032081	C	G
NW_020716611.1	31306060	31306060	T	C
NW_020716611.1	31320387	31320387	A	G
NW_020716611.1	44931102	44931102	A	G
NW_020716611.1	44988111	44988111	A	G
NW_020716611.1	45586845	45586845	T	A
NW_020716612.1	446640	446640	T	C
NW_020716612.1	451029	451029	C	A
NW_020716612.1	452072	452072	C	T
NW_020716612.1	461809	461809	C	T
NW_020716612.1	6869353	6869353	A	G
NW_020716612.1	9696515	9696515	G	T
NW_020716612.1	9739840	9739840	A	G
NW_020716612.1	13538694	13538694	C	T
NW_020716612.1	21690081	21690081	G	A
NW_020716612.1	22015612	22015612	C	G
NW_020716612.1	31957391	31957391	A	G
NW_020716613.1	16870474	16870474	A	C
NW_020716614.1	7500517	7500517	G	A
NW_020716614.1	7509346	7509346	G	A
NW_020716614.1	7545436	7545436	A	G
NW_020716614.1	7555643	7555643	T	G
NW_020716614.1	7567851	7567851	C	G
NW_020716614.1	7570059	7570059	A	G
NW_020716614.1	7570117	7570117	G	A
NW_020716614.1	7570427	7570427	G	A
NW_020716614.1	7573047	7573047	G	C
NW_020716614.1	7585676	7585676	G	A
NW_020716614.1	7606029	7606029	C	G
NW_020716614.1	9036362	9036362	G	A
NW_020716614.1	9036387	9036387	G	A
NW_020716614.1	12875358	12875358	T	C
NW_020716614.1	12875387	12875387	T	G
NW_020716614.1	12875397	12875397	A	G
NW_020716614.1	12875406	12875406	T	G
NW_020716614.1	12883165	12883165	A	C
NW_020716614.1	22443721	22443721	A	G
NW_020716614.1	22445230	22445230	A	G
NW_020716614.1	22445296	22445296	T	C
NW_020716614.1	25915225	25915225	T	C
NW_020716614.1	26075649	26075649	G	A
NW_020716614.1	26075667	26075667	G	A
NW_020716614.1	26098551	26098551	T	C
NW_020716615.1	2923058	2923058	C	T
NW_020716615.1	4251229	4251229	A	G
NW_020716615.1	4343355	4343355	T	C
NW_020716615.1	4365266	4365266	G	A
NW_020716615.1	4365281	4365281	A	G
NW_020716615.1	4365289	4365289	C	A
NW_020716615.1	5157739	5157739	C	T
NW_020716615.1	19490113	19490113	T	A
NW_020716616.1	10089628	10089628	C	G
NW_020716616.1	13799832	13799832	C	G
NW_020716616.1	23067672	23067672	C	G
NW_020716616.1	23082013	23082013	T	C
NW_020716617.1	4328030	4328030	G	A
NW_020716617.1	4890627	4890627	A	G
NW_020716617.1	4890652	4890652	C	T
NW_020716617.1	4890718	4890718	G	T
NW_020716617.1	6157698	6157698	C	T
NW_020716617.1	6168853	6168853	T	G
NW_020716617.1	6192742	6192742	A	G
NW_020716617.1	6717697	6717697	A	C
NW_020716617.1	9379678	9379678	A	G
NW_020716617.1	15828469	15828469	A	G
NW_020716617.1	15833733	15833733	G	C
NW_020716617.1	15921824	15921824	C	G
NW_020716617.1	17678252	17678252	G	A
NW_020716617.1	17691494	17691494	G	A
NW_020716617.1	20159922	20159922	C	G
NW_020716617.1	20160175	20160175	C	A
NW_020716617.1	22167307	22167307	G	A
NW_020716618.1	7845686	7845686	C	G
NW_020716618.1	7845696	7845696	G	T
NW_020716618.1	18955621	18955621	C	T
NW_020716618.1	18989506	18989506	T	G
NW_020716619.1	2417792	2417792	A	G
NW_020716619.1	4808942	4808942	T	G
NW_020716619.1	12224177	12224177	C	T
NW_020716619.1	18103016	18103016	A	G
NW_020716619.1	19014821	19014821	G	A
NW_020716619.1	19025794	19025794	A	G
NW_020716619.1	19285914	19285914	G	A
NW_020716620.1	6295269	6295269	C	T
NW_020716620.1	6325489	6325489	A	G
NW_020716620.1	6545409	6545409	G	C
NW_020716620.1	6622326	6622326	G	C
NW_020716620.1	18006601	18006601	T	A
NW_020716621.1	6548641	6548641	T	A
NW_020716621.1	6548696	6548696	A	G
NW_020716621.1	11109100	11109100	T	A
NW_020716621.1	12721671	12721671	G	T
NW_020716621.1	12724909	12724909	T	A
NW_020716621.1	12741327	12741327	C	T
NW_020716621.1	15105648	15105648	G	C
NW_020716621.1	16281933	16281933	C	T
NW_020716621.1	16642031	16642031	C	A
NW_020716621.1	16787487	16787487	C	T
NW_020716622.1	5734883	5734883	A	T
NW_020716622.1	5750745	5750745	C	T
NW_020716622.1	12384747	12384747	T	C
NW_020716622.1	12394455	12394455	T	G
NW_020716622.1	16462739	16462739	C	T
NW_020716623.1	5146925	5146925	C	T
NW_020716623.1	12336642	12336642	T	A
NW_020716623.1	12344987	12344987	C	T
NW_020716623.1	15439444	15439444	T	C
NW_020716623.1	15455050	15455050	T	C
NW_020716623.1	15455190	15455190	G	A
NW_020716624.1	7546828	7546828	C	T
NW_020716624.1	7548655	7548655	C	T
NW_020716624.1	7548680	7548680	G	T
NW_020716624.1	7668810	7668810	G	C
NW_020716624.1	7677348	7677348	C	T
NW_020716624.1	7677445	7677445	C	T
NW_020716624.1	7678204	7678204	C	T
NW_020716624.1	7679250	7679250	G	A
NW_020716624.1	8822998	8822998	A	C
NW_020716624.1	8824275	8824275	A	G
NW_020716624.1	9080482	9080482	C	T
NW_020716624.1	9080581	9080581	A	C
NW_020716624.1	9092855	9092855	G	A
NW_020716624.1	9101523	9101523	G	A
NW_020716624.1	12653343	12653343	A	G
NW_020716624.1	13045332	13045332	C	A
NW_020716624.1	13065300	13065300	G	A
NW_020716624.1	13065314	13065314	G	A
NW_020716624.1	13065326	13065326	C	G
NW_020716625.1	4634718	4634718	C	G
NW_020716625.1	4654407	4654407	G	C
NW_020716625.1	4654439	4654439	T	A
NW_020716625.1	8306857	8306857	A	C
NW_020716625.1	8306957	8306957	G	T
NW_020716625.1	8310559	8310559	A	G
NW_020716625.1	9187970	9187970	C	G
NW_020716626.1	1318918	1318918	A	G
NW_020716626.1	8158282	8158282	C	T
NW_020716626.1	8799474	8799474	G	A
NW_020716626.1	8802130	8802130	C	G
NW_020716626.1	8806471	8806471	T	C
NW_020716626.1	8809383	8809383	C	T
NW_020716626.1	12990285	12990285	C	A
NW_020716627.1	10294186	10294186	G	C
NW_020716627.1	10294191	10294191	C	G
NW_020716627.1	10321614	10321614	A	G
NW_020716627.1	11574464	11574464	A	G
NW_020716627.1	11581018	11581018	T	C
NW_020716628.1	7439987	7439987	A	T
NW_020716628.1	7443494	7443494	A	G
NW_020716629.1	8903613	8903613	G	A
NW_020716629.1	9076721	9076721	A	G
NW_020716629.1	13121891	13121891	T	C
NW_020716630.1	1215961	1215961	T	A
NW_020716630.1	2239352	2239352	C	G
NW_020716630.1	2262684	2262684	C	A
NW_020716630.1	2757896	2757896	A	C
NW_020716630.1	3088487	3088487	T	A
NW_020716630.1	3098328	3098328	C	T
NW_020716630.1	3098464	3098464	A	C
NW_020716630.1	3119000	3119000	C	T
NW_020716630.1	4727304	4727304	G	A
NW_020716630.1	5490391	5490391	G	A
NW_020716630.1	5501544	5501544	C	T
NW_020716630.1	7192353	7192353	A	T
NW_020716630.1	7192391	7192391	G	A
NW_020716630.1	7839261	7839261	A	G
NW_020716630.1	7839318	7839318	T	C
NW_020716630.1	8297852	8297852	T	C
NW_020716630.1	8305315	8305315	C	T
NW_020716630.1	8305472	8305472	T	G
NW_020716630.1	8310324	8310324	G	A
NW_020716630.1	8310481	8310481	A	G
NW_020716630.1	8310702	8310702	G	T
NW_020716630.1	8310738	8310738	A	C
NW_020716630.1	8311020	8311020	G	A
NW_020716631.1	8823264	8823264	A	G
NW_020716631.1	13138588	13138588	G	A
NW_020716632.1	2238923	2238923	A	G
NW_020716632.1	2239130	2239130	A	G
NW_020716632.1	2245573	2245573	G	A
NW_020716632.1	10713268	10713268	C	T
NW_020716632.1	10713298	10713298	C	G
NW_020716632.1	10713408	10713408	C	G
NW_020716632.1	10720640	10720640	T	C
NW_020716632.1	10720850	10720850	G	A
NW_020716632.1	10758050	10758050	T	C
NW_020716632.1	12832551	12832551	A	G
NW_020716633.1	2796965	2796965	A	G
NW_020716633.1	6633856	6633856	A	G
NW_020716633.1	6633883	6633883	A	G
NW_020716634.1	8212275	8212275	T	C
NW_020716634.1	8230008	8230008	T	G
NW_020716634.1	9510048	9510048	C	T
NW_020716634.1	12359727	12359727	C	T
NW_020716635.1	2162758	2162758	G	A
NW_020716635.1	2169571	2169571	C	G
NW_020716635.1	2169585	2169585	G	C
NW_020716635.1	2174782	2174782	T	C
NW_020716635.1	2184361	2184361	C	G
NW_020716635.1	2184385	2184385	C	T
NW_020716635.1	2188429	2188429	T	C
NW_020716635.1	2204943	2204943	T	G
NW_020716635.1	2204958	2204958	C	T
NW_020716635.1	2205006	2205006	G	A
NW_020716635.1	2205951	2205951	C	T
NW_020716635.1	2210276	2210276	G	A
NW_020716635.1	4051010	4051010	T	C
NW_020716635.1	7118896	7118896	T	C
NW_020716635.1	7126703	7126703	T	C
NW_020716635.1	7127039	7127039	C	T
NW_020716635.1	7127072	7127072	C	T
NW_020716635.1	7127102	7127102	G	A
NW_020716636.1	7336983	7336983	T	C
NW_020716636.1	8260406	8260406	G	A
NW_020716637.1	341698	341698	T	C
NW_020716637.1	342424	342424	T	C
NW_020716637.1	342552	342552	C	T
NW_020716637.1	345323	345323	T	C
NW_020716637.1	345329	345329	T	C
NW_020716637.1	7684509	7684509	A	G
NW_020716637.1	7848437	7848437	G	A
NW_020716637.1	10746348	10746348	C	G
NW_020716637.1	10746489	10746489	G	A
NW_020716637.1	10746601	10746601	C	G
NW_020716638.1	3010182	3010182	A	G
NW_020716638.1	7156756	7156756	C	T
NW_020716638.1	10484235	10484235	C	T
NW_020716639.1	2065370	2065370	C	T
NW_020716639.1	2102396	2102396	C	G
NW_020716639.1	9240918	9240918	C	A
NW_020716639.1	9511041	9511041	G	C
NW_020716640.1	3526715	3526715	T	C
NW_020716640.1	4865323	4865323	A	G
NW_020716640.1	4865613	4865613	G	A
NW_020716640.1	4865774	4865774	G	T
NW_020716640.1	4922040	4922040	G	A
NW_020716640.1	4933013	4933013	C	A
NW_020716640.1	4935107	4935107	A	G
NW_020716640.1	4936479	4936479	G	A
NW_020716640.1	4945796	4945796	T	C
NW_020716640.1	4945973	4945973	C	T
NW_020716641.1	994988	994988	C	T
NW_020716641.1	4476390	4476390	G	T
NW_020716641.1	4476390	4476390	G	T
NW_020716641.1	4476498	4476498	G	C
NW_020716641.1	4476498	4476498	G	C
NW_020716641.1	4493546	4493546	G	T
NW_020716641.1	4502926	4502926	G	T
NW_020716641.1	4506756	4506756	A	G
NW_020716641.1	4506801	4506801	A	G
NW_020716641.1	5989411	5989411	G	A
NW_020716641.1	6004356	6004356	G	A
NW_020716641.1	6005311	6005311	G	A
NW_020716641.1	9073115	9073115	T	C
NW_020716642.1	348751	348751	A	C
NW_020716642.1	4285599	4285599	T	C
NW_020716642.1	4301520	4301520	G	T
NW_020716642.1	8195117	8195117	C	T
NW_020716642.1	8200689	8200689	G	A
NW_020716644.1	7283024	7283024	C	T
NW_020716644.1	7283059	7283059	A	G
NW_020716644.1	7522052	7522052	T	C
NW_020716644.1	7524949	7524949	C	A
NW_020716644.1	7540088	7540088	C	T
NW_020716644.1	7542792	7542792	G	A
NW_020716645.1	7510148	7510148	C	T
NW_020716645.1	7510162	7510162	A	C
NW_020716645.1	7510299	7510299	T	G
NW_020716645.1	7593302	7593302	T	C
NW_020716645.1	7597275	7597275	A	G
NW_020716645.1	7601375	7601375	A	T
NW_020716645.1	7610463	7610463	T	A
NW_020716645.1	7610477	7610477	G	A
NW_020716645.1	7613849	7613849	A	G
NW_020716645.1	7615642	7615642	G	A
NW_020716645.1	8900127	8900127	G	T
NW_020716645.1	8923791	8923791	A	G
NW_020716645.1	8923802	8923802	T	C
NW_020716646.1	476326	476326	G	A
NW_020716646.1	6203615	6203615	T	C
NW_020716646.1	7481431	7481431	A	G
NW_020716646.1	8077755	8077755	T	C
NW_020716647.1	831619	831619	C	T
NW_020716647.1	834256	834256	C	T
NW_020716647.1	4429940	4429940	G	T
NW_020716647.1	4432033	4432033	C	G
NW_020716647.1	4432090	4432090	G	A
NW_020716647.1	4474217	4474217	G	A
NW_020716647.1	6742705	6742705	C	G
NW_020716647.1	7212606	7212606	G	T
NW_020716647.1	7212788	7212788	C	T
NW_020716648.1	3030657	3030657	T	A
NW_020716648.1	3043805	3043805	C	T
NW_020716648.1	3630161	3630161	A	G
NW_020716649.1	2348558	2348558	G	A
NW_020716649.1	3346379	3346379	T	A
NW_020716649.1	3839792	3839792	A	C
NW_020716649.1	3858683	3858683	A	C
NW_020716649.1	4755922	4755922	A	G
NW_020716649.1	4756441	4756441	G	A
NW_020716649.1	4762152	4762152	G	A
NW_020716650.1	7272203	7272203	G	A
NW_020716650.1	7275106	7275106	C	T
NW_020716650.1	7284191	7284191	C	T
NW_020716650.1	7284292	7284292	T	G
NW_020716650.1	7287634	7287634	T	C
NW_020716650.1	7311608	7311608	A	G
NW_020716650.1	7311621	7311621	T	C
NW_020716650.1	7335650	7335650	G	A
NW_020716650.1	7343024	7343024	C	T
NW_020716650.1	7354705	7354705	G	A
NW_020716650.1	7363406	7363406	C	T
NW_020716650.1	7373099	7373099	A	G
NW_020716650.1	7375665	7375665	C	T
NW_020716650.1	7656433	7656433	G	A
NW_020716650.1	7662032	7662032	G	A
NW_020716650.1	7795249	7795249	G	A
NW_020716651.1	58437	58437	A	G
NW_020716651.1	64355	64355	C	G
NW_020716651.1	65461	65461	G	C
NW_020716651.1	66513	66513	C	T
NW_020716651.1	77417	77417	C	T
NW_020716651.1	2444789	2444789	G	C
NW_020716651.1	3150143	3150143	C	T
NW_020716651.1	3151901	3151901	T	C
NW_020716651.1	3196346	3196346	A	G
NW_020716652.1	507960	507960	C	G
NW_020716652.1	508254	508254	A	G
NW_020716652.1	3753272	3753272	C	T
NW_020716652.1	5961935	5961935	C	A
NW_020716652.1	6401621	6401621	G	A
NW_020716653.1	824750	824750	C	G
NW_020716653.1	825150	825150	G	A
NW_020716653.1	959522	959522	G	A
NW_020716653.1	974370	974370	A	C
NW_020716654.1	2738029	2738029	C	T
NW_020716654.1	6470981	6470981	T	C
NW_020716655.1	5735040	5735040	C	G
NW_020716656.1	987305	987305	C	T
NW_020716656.1	987326	987326	T	C
NW_020716656.1	1105337	1105337	A	C
NW_020716656.1	3287942	3287942	C	G
NW_020716656.1	3306056	3306056	G	C
NW_020716656.1	6689956	6689956	C	T
NW_020716657.1	543072	543072	C	T
NW_020716657.1	966369	966369	C	T
NW_020716658.1	1147571	1147571	C	A
NW_020716658.1	1162538	1162538	A	G
NW_020716658.1	1172103	1172103	G	A
NW_020716659.1	4769235	4769235	C	T
NW_020716659.1	4810537	4810537	T	A
NW_020716659.1	4812858	4812858	G	A
NW_020716659.1	4812874	4812874	C	T
NW_020716659.1	5220629	5220629	T	G
NW_020716659.1	5220698	5220698	C	T
NW_020716659.1	5230468	5230468	A	G
NW_020716660.1	1500205	1500205	A	T
NW_020716660.1	1723165	1723165	T	A
NW_020716660.1	2619334	2619334	G	A
NW_020716660.1	2621089	2621089	C	T
NW_020716660.1	2623331	2623331	G	T
NW_020716660.1	6094575	6094575	C	G
NW_020716661.1	2542170	2542170	A	C
NW_020716661.1	3132962	3132962	T	C
NW_020716661.1	3146669	3146669	C	T
NW_020716661.1	3146680	3146680	C	A
NW_020716661.1	3176039	3176039	C	T
NW_020716661.1	3218215	3218215	T	C
NW_020716661.1	4103522	4103522	C	T
NW_020716661.1	4106798	4106798	T	C
NW_020716661.1	4140506	4140506	T	G
NW_020716661.1	4171706	4171706	C	T
NW_020716662.1	5007455	5007455	A	T
NW_020716662.1	5428120	5428120	A	G
NW_020716662.1	6762632	6762632	A	G
NW_020716662.1	6765825	6765825	C	T
NW_020716664.1	1762360	1762360	C	T
NW_020716666.1	3724034	3724034	G	C
NW_020716667.1	6638162	6638162	T	C
NW_020716669.1	1385663	1385663	C	T
NW_020716671.1	6053407	6053407	A	G
NW_020716676.1	313540	313540	T	G
NW_020716676.1	317213	317213	G	A
NW_020716676.1	317995	317995	T	C
NW_020716676.1	322668	322668	C	T
NW_020716676.1	5875404	5875404	G	C
NW_020716678.1	4312251	4312251	C	T
NW_020716679.1	575584	575584	A	G
NW_020716679.1	590668	590668	G	A
NW_020716679.1	590848	590848	C	T
NW_020716679.1	590881	590881	T	C
NW_020716679.1	590929	590929	T	C
NW_020716679.1	590971	590971	A	C
NW_020716679.1	2119635	2119635	A	G
NW_020716679.1	2158634	2158634	G	T
NW_020716679.1	2208209	2208209	A	G
NW_020716679.1	2210052	2210052	T	C
NW_020716679.1	2213113	2213113	A	G
NW_020716679.1	2336910	2336910	A	G
NW_020716679.1	2349414	2349414	T	C
NW_020716679.1	2349455	2349455	A	C
NW_020716679.1	2349560	2349560	T	C
NW_020716679.1	2353963	2353963	G	A
NW_020716679.1	2357843	2357843	G	A
NW_020716679.1	2367092	2367092	C	T
NW_020716681.1	3916627	3916627	A	G
NW_020716681.1	5133600	5133600	G	A
NW_020716681.1	5147067	5147067	G	A
NW_020716681.1	5151403	5151403	C	A
NW_020716681.1	5157603	5157603	A	T
NW_020716681.1	5157784	5157784	G	C
NW_020716681.1	5159857	5159857	C	T
NW_020716681.1	5159869	5159869	T	C
NW_020716681.1	5166556	5166556	C	G
NW_020716681.1	5171597	5171597	T	A
NW_020716681.1	5180538	5180538	T	C
NW_020716681.1	5180830	5180830	C	T
NW_020716682.1	4725035	4725035	G	A
NW_020716682.1	4734532	4734532	C	A
NW_020716682.1	4734674	4734674	A	G
NW_020716682.1	4737266	4737266	G	A
NW_020716682.1	4740049	4740049	G	C
NW_020716682.1	4740142	4740142	T	C
NW_020716682.1	4740265	4740265	A	G
NW_020716682.1	4740304	4740304	T	C
NW_020716682.1	4740343	4740343	G	A
NW_020716682.1	4740442	4740442	T	C
NW_020716682.1	4740591	4740591	G	A
NW_020716682.1	4740660	4740660	A	G
NW_020716682.1	4740679	4740679	G	C
NW_020716682.1	4740774	4740774	G	A
NW_020716682.1	4740804	4740804	C	T
NW_020716682.1	4744544	4744544	G	A
NW_020716682.1	4761740	4761740	G	C
NW_020716682.1	4766327	4766327	G	A
NW_020716682.1	4776610	4776610	C	T
NW_020716682.1	4776646	4776646	A	G
NW_020716683.1	170835	170835	C	G
NW_020716683.1	851446	851446	G	A
NW_020716683.1	859085	859085	T	A
NW_020716683.1	859705	859705	C	T
NW_020716683.1	859711	859711	G	C
NW_020716683.1	869028	869028	C	T
NW_020716683.1	879852	879852	C	T
NW_020716684.1	389320	389320	C	T
NW_020716684.1	3234589	3234589	T	G
NW_020716685.1	2599384	2599384	G	A
NW_020716685.1	2615531	2615531	G	T
NW_020716685.1	2618377	2618377	A	G
NW_020716685.1	2619508	2619508	A	G
NW_020716685.1	2620940	2620940	T	C
NW_020716685.1	2621003	2621003	T	C
NW_020716685.1	2621102	2621102	C	T
NW_020716685.1	2626771	2626771	C	A
NW_020716685.1	2627513	2627513	A	G
NW_020716685.1	2628349	2628349	A	G
NW_020716685.1	2628370	2628370	C	T
NW_020716685.1	2628531	2628531	G	A
NW_020716685.1	2629300	2629300	A	G
NW_020716685.1	2629321	2629321	G	C
NW_020716685.1	2629441	2629441	G	C
NW_020716685.1	2629726	2629726	G	A
NW_020716685.1	2629774	2629774	A	G
NW_020716685.1	2632384	2632384	A	G
NW_020716685.1	2635316	2635316	G	T
NW_020716685.1	2638074	2638074	G	C
NW_020716685.1	2638111	2638111	A	G
NW_020716686.1	471577	471577	T	G
NW_020716686.1	479401	479401	C	A
NW_020716686.1	479407	479407	G	C
NW_020716689.1	2120089	2120089	T	A
NW_020716689.1	2126009	2126009	T	C
NW_020716689.1	2131379	2131379	T	C
NW_020716690.1	1221620	1221620	C	G
NW_020716690.1	1240024	1240024	T	C
NW_020716690.1	4297875	4297875	C	A
NW_020716690.1	4298237	4298237	G	T
NW_020716690.1	4300549	4300549	A	G
NW_020716690.1	4300646	4300646	C	T
NW_020716691.1	1574608	1574608	C	A
NW_020716691.1	2166431	2166431	C	T
NW_020716691.1	2166953	2166953	G	A
NW_020716691.1	2169157	2169157	C	G
NW_020716691.1	2169194	2169194	G	C
NW_020716692.1	2482179	2482179	G	A
NW_020716693.1	3339234	3339234	C	A
NW_020716693.1	3342310	3342310	A	G
NW_020716694.1	845416	845416	G	A
NW_020716694.1	1354083	1354083	A	C
NW_020716694.1	1354145	1354145	T	C
NW_020716694.1	1361577	1361577	T	C
NW_020716694.1	1361865	1361865	G	A
NW_020716694.1	1363537	1363537	C	T
NW_020716694.1	1388076	1388076	T	A
NW_020716694.1	1388113	1388113	G	A
NW_020716694.1	1388200	1388200	T	C
NW_020716694.1	1391445	1391445	G	A
NW_020716694.1	1391464	1391464	T	C
NW_020716695.1	1716857	1716857	A	G
NW_020716695.1	1725457	1725457	A	T
NW_020716695.1	1729519	1729519	G	A
NW_020716696.1	4226356	4226356	T	A
NW_020716697.1	1308477	1308477	G	A
NW_020716697.1	1308661	1308661	T	C
NW_020716697.1	1321736	1321736	C	G
NW_020716697.1	1327268	1327268	G	A
NW_020716697.1	1331846	1331846	C	G
NW_020716697.1	1518151	1518151	A	G
NW_020716697.1	3081941	3081941	G	A
NW_020716697.1	3082150	3082150	G	A
NW_020716697.1	3085059	3085059	A	G
NW_020716697.1	3461390	3461390	A	G
NW_020716698.1	3790343	3790343	T	C
NW_020716698.1	3790393	3790393	G	A
NW_020716698.1	3792374	3792374	T	C
NW_020716698.1	3827903	3827903	A	G
NW_020716698.1	3835782	3835782	A	C
NW_020716698.1	3835823	3835823	C	T
NW_020716698.1	3839245	3839245	C	T
NW_020716700.1	1618922	1618922	C	T
NW_020716700.1	2431800	2431800	A	G
NW_020716700.1	2505072	2505072	T	C
NW_020716700.1	2505567	2505567	T	C
NW_020716700.1	2509392	2509392	G	A
NW_020716700.1	2541677	2541677	C	T
NW_020716700.1	2541677	2541677	C	T
NW_020716700.1	2541808	2541808	A	G
NW_020716700.1	2541808	2541808	A	G
NW_020716700.1	3836570	3836570	G	T
NW_020716700.1	4338218	4338218	A	T
NW_020716702.1	1364135	1364135	G	A
NW_020716702.1	1513376	1513376	A	G
NW_020716702.1	1631158	1631158	G	A
NW_020716702.1	1636368	1636368	C	A
NW_020716702.1	1646773	1646773	C	T
NW_020716702.1	2919028	2919028	A	G
NW_020716703.1	1577750	1577750	A	G
NW_020716705.1	318059	318059	G	A
NW_020716705.1	345970	345970	T	C
NW_020716705.1	353572	353572	G	C
NW_020716707.1	1797435	1797435	G	A
NW_020716709.1	2518742	2518742	G	T
NW_020716710.1	2563621	2563621	G	A
NW_020716710.1	2781178	2781178	C	T
NW_020716714.1	55856	55856	C	A
NW_020716714.1	55949	55949	A	G
NW_020716714.1	56063	56063	A	G
NW_020716714.1	56150	56150	G	A
NW_020716714.1	56280	56280	A	G
NW_020716714.1	56350	56350	G	C
NW_020716714.1	56606	56606	C	G
NW_020716714.1	56636	56636	A	G
NW_020716714.1	56769	56769	C	T
NW_020716714.1	56832	56832	T	C
NW_020716714.1	57087	57087	A	C
NW_020716714.1	57099	57099	A	G
NW_020716714.1	57179	57179	G	A
NW_020716714.1	57193	57193	T	A
NW_020716714.1	57284	57284	G	A
NW_020716714.1	57680	57680	G	T
NW_020716715.1	2043160	2043160	C	T
NW_020716718.1	1127014	1127014	T	C
NW_020716718.1	1132749	1132749	G	A
NW_020716718.1	2630601	2630601	A	G
NW_020716718.1	2630617	2630617	G	A
NW_020716718.1	2634716	2634716	A	G
NW_020716719.1	16646	16646	C	T
NW_020716719.1	16658	16658	G	A
NW_020716719.1	46282	46282	T	C
NW_020716719.1	46564	46564	A	G
NW_020716719.1	46579	46579	G	A
NW_020716719.1	2122527	2122527	G	C
NW_020716720.1	373491	373491	G	A
NW_020716721.1	5669	5669	T	G
NW_020716721.1	5874	5874	C	A
NW_020716721.1	1893129	1893129	T	C
NW_020716721.1	1893678	1893678	T	C
NW_020716721.1	1895244	1895244	C	T
NW_020716721.1	1895492	1895492	G	A
NW_020716721.1	1895723	1895723	A	G
NW_020716721.1	1965649	1965649	T	C
NW_020716721.1	3623868	3623868	C	G
NW_020716721.1	3625440	3625440	C	T
NW_020716721.1	3625504	3625504	T	G
NW_020716721.1	3625521	3625521	G	A
NW_020716721.1	3632053	3632053	G	A
NW_020716721.1	3645629	3645629	C	T
NW_020716721.1	3652994	3652994	G	T
NW_020716723.1	537936	537936	A	G
NW_020716723.1	545318	545318	A	G
NW_020716723.1	555723	555723	T	A
NW_020716725.1	708275	708275	A	C
NW_020716725.1	1152389	1152389	G	A
NW_020716728.1	1349781	1349781	A	C
NW_020716728.1	1632359	1632359	C	T
NW_020716728.1	2525722	2525722	T	A
NW_020716728.1	2526184	2526184	A	G
NW_020716730.1	1655818	1655818	T	C
NW_020716730.1	2052884	2052884	G	A
NW_020716730.1	2053045	2053045	T	C
NW_020716730.1	2053114	2053114	A	T
NW_020716732.1	2725786	2725786	A	C
NW_020716732.1	2728034	2728034	C	A
NW_020716732.1	2728911	2728911	G	A
NW_020716734.1	546312	546312	G	A
NW_020716734.1	553181	553181	G	A
NW_020716734.1	2495588	2495588	A	G
NW_020716734.1	2504636	2504636	C	T
NW_020716734.1	2513395	2513395	T	C
NW_020716734.1	2565573	2565573	A	C
NW_020716734.1	2565585	2565585	C	T
NW_020716734.1	2570235	2570235	G	C
NW_020716734.1	2571493	2571493	C	T
NW_020716738.1	1455158	1455158	A	G
NW_020716738.1	1456596	1456596	C	G
NW_020716742.1	808203	808203	C	T
NW_020716742.1	808653	808653	G	C
NW_020716745.1	2140708	2140708	C	T
NW_020716745.1	2261318	2261318	G	A
NW_020716747.1	798005	798005	G	C
NW_020716748.1	102871	102871	T	C
NW_020716748.1	102942	102942	A	G
NW_020716748.1	768032	768032	G	T
NW_020716748.1	769223	769223	A	G
NW_020716749.1	2299851	2299851	A	T
NW_020716749.1	2306530	2306530	C	T
NW_020716749.1	2306569	2306569	G	T
NW_020716749.1	2310383	2310383	T	C
NW_020716749.1	2316558	2316558	T	C
NW_020716749.1	2319821	2319821	T	C
NW_020716750.1	1283288	1283288	A	G
NW_020716750.1	1288997	1288997	G	A
NW_020716750.1	1291566	1291566	A	G
NW_020716750.1	1616548	1616548	C	T
NW_020716750.1	1616834	1616834	G	A
NW_020716750.1	1616870	1616870	G	A
NW_020716750.1	1616906	1616906	G	A
NW_020716751.1	499596	499596	T	A
NW_020716751.1	1551891	1551891	T	C
NW_020716751.1	1551898	1551898	T	A
NW_020716751.1	1551900	1551900	C	T
NW_020716751.1	1623660	1623660	G	A
NW_020716751.1	2226390	2226390	A	G
NW_020716753.1	114420	114420	C	T
NW_020716753.1	114437	114437	A	C
NW_020716753.1	2295236	2295236	C	T
NW_020716753.1	2295433	2295433	G	C
NW_020716754.1	214941	214941	T	C
NW_020716754.1	218881	218881	T	C
NW_020716754.1	267937	267937	T	C
NW_020716754.1	268021	268021	G	A
NW_020716756.1	930746	930746	G	A
NW_020716758.1	1971784	1971784	A	C
NW_020716759.1	1116959	1116959	C	G
NW_020716759.1	1117213	1117213	A	G
NW_020716759.1	1117289	1117289	T	C
NW_020716759.1	1117321	1117321	A	G
NW_020716759.1	1117331	1117331	A	G
NW_020716759.1	1117642	1117642	T	C
NW_020716759.1	1124930	1124930	G	A
NW_020716764.1	105041	105041	A	G
NW_020716764.1	106263	106263	A	G
NW_020716764.1	106290	106290	G	C
NW_020716765.1	1249819	1249819	A	C
NW_020716766.1	1641237	1641237	C	T
NW_020716766.1	1641250	1641250	C	T
NW_020716768.1	1288699	1288699	T	C
NW_020716768.1	1288786	1288786	G	A
NW_020716768.1	1310182	1310182	G	T
NW_020716768.1	1341199	1341199	C	G
NW_020716778.1	1317722	1317722	T	G
NW_020716778.1	1317742	1317742	A	G
NW_020716778.1	1317766	1317766	A	T
NW_020716779.1	124454	124454	G	A
NW_020716779.1	124883	124883	T	C
NW_020716779.1	125882	125882	C	T
NW_020716785.1	329016	329016	A	G
NW_020716789.1	1433796	1433796	G	A
NW_020716789.1	1433812	1433812	G	A
NW_020716789.1	1434034	1434034	A	T
NW_020716789.1	1439439	1439439	G	A
NW_020716794.1	209193	209193	C	T
NW_020716794.1	209203	209203	C	G
NW_020716794.1	209892	209892	T	C
NW_020716794.1	209976	209976	C	T
NW_020716794.1	210017	210017	A	G
NW_020716794.1	210278	210278	G	A
NW_020716794.1	210396	210396	T	C
NW_020716797.1	150637	150637	A	G
NW_020716797.1	161474	161474	C	T
NW_020716797.1	163523	163523	G	A
NW_020716798.1	280065	280065	G	A
NW_020716798.1	491027	491027	A	G
NW_020716798.1	492283	492283	T	C
NW_020716798.1	507500	507500	A	G
NW_020716798.1	556777	556777	C	T
NW_020716798.1	570527	570527	C	T
NW_020716798.1	1280045	1280045	G	C
NW_020716798.1	1280098	1280098	A	G
NW_020716800.1	63625	63625	G	T
NW_020716800.1	106666	106666	T	C
NW_020716801.1	1193838	1193838	C	T
NW_020716801.1	1196442	1196442	A	G
NW_020716804.1	958924	958924	T	C
NW_020716813.1	604646	604646	A	G
NW_020716813.1	611809	611809	C	T
NW_020716820.1	216702	216702	C	T
NW_020716820.1	332248	332248	C	T
NW_020716825.1	921221	921221	C	T
NW_020716828.1	240509	240509	G	A
NW_020716828.1	242553	242553	C	T
NW_020716831.1	294352	294352	G	A
NW_020716835.1	528755	528755	T	G
NW_020716839.1	375792	375792	A	G
NW_020716840.1	588130	588130	G	C
NW_020716849.1	161204	161204	T	C
NW_020716849.1	591941	591941	C	T
NW_020716849.1	592181	592181	T	C
NW_020716850.1	29591	29591	T	C
NW_020716850.1	29605	29605	A	G
NW_020716850.1	29839	29839	T	C
NW_020716850.1	684721	684721	A	G
NW_020716850.1	698251	698251	G	C
NW_020716850.1	698273	698273	T	C
NW_020716850.1	698344	698344	A	G
NW_020716851.1	395620	395620	A	G
NW_020716851.1	422824	422824	A	C
NW_020716851.1	446028	446028	G	T
NW_020716851.1	469011	469011	C	T
NW_020716851.1	470374	470374	C	T
NW_020716851.1	476700	476700	A	G
NW_020716851.1	489149	489149	T	C
NW_020716851.1	499511	499511	G	C
NW_020716851.1	525180	525180	T	A
NW_020716851.1	525307	525307	G	C
NW_020716852.1	420147	420147	A	G
NW_020716852.1	424809	424809	G	C
NW_020716852.1	424888	424888	G	C
NW_020716856.1	804355	804355	G	T
NW_020716860.1	418006	418006	C	T
NW_020716860.1	425658	425658	T	C
NW_020716860.1	425665	425665	G	C
NW_020716860.1	426910	426910	C	T
NW_020716860.1	448238	448238	C	T
NW_020716860.1	449705	449705	T	C
NW_020716860.1	457757	457757	C	A
NW_020716860.1	497951	497951	G	C
NW_020716865.1	183919	183919	G	A
NW_020716865.1	200653	200653	G	A
NW_020716865.1	201419	201419	G	A
NW_020716865.1	271738	271738	A	G
NW_020716865.1	271782	271782	G	C
NW_020716865.1	334864	334864	G	A
NW_020716865.1	753984	753984	G	C
NW_020716867.1	591246	591246	T	C
NW_020716869.1	260474	260474	T	G
NW_020716869.1	265591	265591	G	C
NW_020716869.1	265599	265599	T	C
NW_020716869.1	266282	266282	C	T
NW_020716869.1	266344	266344	G	A
NW_020716879.1	14977	14977	T	C
NW_020716879.1	15035	15035	T	G
NW_020716879.1	48918	48918	C	T
NW_020716879.1	107831	107831	T	C
NW_020716880.1	616132	616132	T	C
NW_020716882.1	207353	207353	C	G
NW_020716883.1	34931	34931	G	A
NW_020716883.1	43904	43904	G	C
NW_020716888.1	167707	167707	T	C
NW_020716892.1	217111	217111	G	A
NW_020716898.1	91054	91054	A	C
NW_020716898.1	104825	104825	T	C
NW_020716898.1	112338	112338	C	A
NW_020716898.1	112361	112361	T	C
NW_020716905.1	476355	476355	C	A
NW_020716905.1	482927	482927	G	T
NW_020716905.1	483770	483770	C	G
NW_020716916.1	329872	329872	T	C
NW_020716916.1	331030	331030	G	C
NW_020716920.1	259810	259810	C	T
NW_020716920.1	262042	262042	A	T
NW_020716920.1	269501	269501	T	G
NW_020716924.1	275889	275889	C	T
NW_020716924.1	278991	278991	G	C
NW_020716929.1	276030	276030	T	C
NW_020716929.1	276210	276210	G	A
NW_020716935.1	410883	410883	C	G
NW_020716935.1	418174	418174	C	G
NW_020716935.1	434228	434228	C	T
NW_020716941.1	82238	82238	A	G
NW_020716953.1	462298	462298	T	C
NW_020716953.1	462324	462324	G	C
NW_020716955.1	448597	448597	C	T
NW_020716976.1	311242	311242	T	C
NW_020716976.1	311272	311272	T	C
NW_020716976.1	319859	319859	C	T
NW_020716983.1	342190	342190	C	T
NW_020716989.1	179829	179829	G	A
NW_020716989.1	191603	191603	C	G
NW_020717000.1	120034	120034	G	A
NW_020717000.1	123904	123904	T	C
NW_020717000.1	124128	124128	G	T
NW_020717000.1	256581	256581	T	C
NW_020717000.1	261056	261056	A	C
NW_020717003.1	68385	68385	G	A
NW_020717005.1	143408	143408	C	T
NW_020717005.1	144985	144985	C	T
NW_020717005.1	145075	145075	C	T
NW_020717005.1	145135	145135	A	C
NW_020717005.1	255006	255006	T	C
NW_020717005.1	262126	262126	C	G
NW_020717007.1	94422	94422	C	T
NW_020717007.1	95501	95501	T	C
NW_020717007.1	97261	97261	G	C
NW_020717007.1	99969	99969	T	C
NW_020717007.1	100204	100204	T	C
NW_020717008.1	165017	165017	T	A
NW_020717008.1	165187	165187	C	T
NW_020717008.1	165280	165280	A	G
NW_020717008.1	166159	166159	C	T
NW_020717008.1	166258	166258	A	C
NW_020717022.1	200083	200083	C	A
NW_020717022.1	202477	202477	C	G
NW_020717027.1	72334	72334	A	G
NW_020717027.1	72816	72816	A	G
NW_020717028.1	16046	16046	T	C
NW_020717028.1	30919	30919	G	T
NW_020717028.1	31200	31200	G	A
NW_020717029.1	81883	81883	G	A
NW_020717029.1	83092	83092	A	G
NW_020717029.1	89027	89027	C	T
NW_020717031.1	51822	51822	G	A
NW_020717031.1	52202	52202	C	G
NW_020717031.1	53715	53715	T	C
NW_020717031.1	83703	83703	C	T
NW_020717050.1	273012	273012	A	G
NW_020717050.1	275022	275022	A	T
NW_020717050.1	277084	277084	A	G
NW_020717050.1	279813	279813	G	C
NW_020717063.1	17207	17207	T	C
NW_020717063.1	33248	33248	C	A
NW_020717063.1	33272	33272	T	C
NW_020717066.1	272291	272291	A	G
NW_020717103.1	217815	217815	A	G
NW_020717103.1	218721	218721	T	C
NW_020717103.1	225226	225226	A	G
NW_020717110.1	118643	118643	T	C
NW_020717110.1	121444	121444	C	T
NW_020717110.1	140929	140929	T	C
NW_020717110.1	146117	146117	C	G
NW_020717121.1	2101	2101	A	G
NW_020717121.1	2140	2140	C	A
NW_020717126.1	25269	25269	T	G
NW_020717126.1	32770	32770	G	T
NW_020717126.1	33192	33192	T	C
NW_020717126.1	34057	34057	G	A
NW_020717126.1	35224	35224	G	C
NW_020717127.1	147686	147686	A	G
NW_020717127.1	169375	169375	A	G
NW_020717128.1	154677	154677	T	A
NW_020717128.1	156223	156223	C	G
NW_020717128.1	183818	183818	G	C
NW_020717132.1	201260	201260	A	G
NW_020717137.1	150770	150770	A	G
NW_020717137.1	153232	153232	C	T
NW_020717137.1	153280	153280	C	G
NW_020717137.1	156868	156868	C	T
NW_020717138.1	56962	56962	G	A
NW_020717138.1	60227	60227	A	G
NW_020717138.1	72243	72243	G	C
NW_020717138.1	78646	78646	G	A
NW_020717138.1	78664	78664	C	T
NW_020717138.1	78669	78669	G	A
NW_020717138.1	80227	80227	G	A
NW_020717170.1	101961	101961	T	C
NW_020717175.1	37656	37656	C	G
NW_020717183.1	101679	101679	T	A
NW_020717183.1	108264	108264	A	T
NW_020717183.1	110092	110092	C	T
NW_020717183.1	117979	117979	A	G
NW_020717196.1	40525	40525	A	G
NW_020717207.1	83558	83558	G	A
NW_020717227.1	125320	125320	C	T
NW_020717227.1	125333	125333	G	T
NW_020717227.1	140362	140362	C	G
NW_020717282.1	43780	43780	T	A
NW_020717282.1	44691	44691	T	A
NW_020717287.1	103949	103949	G	A
NW_020717312.1	73541	73541	G	A
NW_020717312.1	88590	88590	A	G
NW_020717312.1	100588	100588	C	T
NW_020717312.1	100599	100599	A	G
NW_020717336.1	99806	99806	C	T
NW_020717336.1	101469	101469	G	A
NW_020717349.1	88045	88045	C	T
NW_020717361.1	62981	62981	C	T
NW_020717463.1	35321	35321	G	A
NW_020717463.1	35373	35373	A	G
NW_020717698.1	8610	8610	G	A
NW_020717698.1	8645	8645	C	G
NW_020717698.1	12792	12792	G	A
NW_020717717.1	238	238	G	A
NW_020720727.1	5675	5675	G	C
NW_020720727.1	5685	5685	T	C
NW_020720727.1	5768	5768	C	T
NW_020720727.1	5795	5795	T	C
NW_020720727.1	6275	6275	A	G
NW_020720727.1	6369	6369	G	T
NW_020721570.1	2799	2799	A	T
NW_020723481.1	7410	7410	G	C
NW_020725446.1	3441	3441	A	G
NW_020725446.1	5970	5970	C	T
NW_020725446.1	6153	6153	A	G
NW_020725446.1	6168	6168	A	G
NW_020727503.1	134	134	T	C
NW_020727503.1	1136	1136	C	G
NW_020729531.1	1145	1145	T	A
NW_020729531.1	1202	1202	T	C
NW_020729531.1	2822	2822	G	C
NW_020737727.1	3366	3366	C	G
NW_020716693.1	4634468	4634468	A	C
NW_020716693.1	4634468	4634468	A	T
